"Bài giảng","Text đáp án","Lựa chọn A","Lựa chọn B","Lựa chọn C","Lựa chọn D","Đáp án đúng","Điểm"
"Lec1 - Introduction to Data Science","Khoa học dữ liệu (Data Science) được mô tả là một lĩnh vực liên ngành kết hợp ba trụ cột chính nào?","Toán &amp; Thống kê, Khoa học máy tính, Kiến thức chuyên ngành","Toán &amp; Thống kê, Kinh tế lượng, Kế toán","Lập trình, Thiết kế đồ họa, Marketing","Cơ sở dữ liệu, Mạng máy tính, Bảo mật","A","1"
"Lec1 - Introduction to Data Science","Trong chu trình khai thác dữ liệu, bước đầu tiên là gì?","Thu thập dữ liệu","Xây dựng mô hình","Xác định bài toán","Triển khai và giám sát","C","1"
"Lec1 - Introduction to Data Science","Khoa học dữ liệu gồm ba lĩnh vực chuyên sâu nào?","Khai phá web, Trực quan hóa, Báo cáo","Kỹ thuật dữ liệu, Phân tích dữ liệu, Học máy","SQL, Excel, Power BI","Toán học, Vật lý, Sinh học","B","1"
"Lec1 - Introduction to Data Science","Dữ liệu được tổ chức theo hàng – cột trong bảng, dễ truy vấn bằng SQL hoặc Excel, được gọi là loại dữ liệu nào?","Dữ liệu phi cấu trúc (Unstructured)","Dữ liệu bán cấu trúc (Semi-structured)","Dữ liệu thời gian thực (Streaming)","Dữ liệu có cấu trúc (Structured)","D","1"
"Lec1 - Introduction to Data Science","Ngôn ngữ lập trình nào phổ biến trong Khoa học dữ liệu, dễ học và có nhiều thư viện mạnh như NumPy, Pandas, Scikit-learn?","Python","HTML","PowerPoint","Photoshop","A","1"
"Lec1 - Introduction to Data Science","Phân tích mô tả (Descriptive Analytics) trả lời cho câu hỏi nào?","""Điều gì sẽ xảy ra?""","""Chúng ta nên làm gì?""","""Điều gì đã xảy ra?""","""Tại sao điều đó xảy ra?""","C","1"
"Lec1 - Introduction to Data Science","Bài giảng cho ví dụ về phân loại thư rác (spam) và dự đoán giá nhà. Hai ví dụ này thuộc loại bài toán Học máy nào?","Học không giám sát (Unsupervised Learning) — vì hoàn toàn không có dữ liệu","Học có giám sát (Supervised Learning) — vì đã có dữ liệu kèm câu trả lời đúng để học","Học tăng cường (Reinforcement Learning) — vì máy chơi game","Không phải Học máy","B","1"
"Lec1 - Introduction to Data Science","Trong bài giảng có ví dụ dự đoán giá nhà ở Hà Nội (đầu ra là một con số: triệu đồng/m²). Khi đầu ra cần dự đoán là một con số, ta gọi đây là bài toán gì?","Phân loại (Classification)","Trực quan hóa","Lưu trữ dữ liệu","Hồi quy (Regression)","D","1"
"Lec1 - Introduction to Data Science","Vì sao bài giảng khuyên chia dữ liệu thành tập huấn luyện và tập kiểm tra?","Để mô hình chạy nhanh hơn","Để kiểm tra mô hình hoạt động tốt thế nào với dữ liệu mới mà nó chưa từng thấy","Vì máy tính không đủ bộ nhớ chứa hết dữ liệu","Để giảm chi phí lưu trữ trên cloud","B","1"
"Lec1 - Introduction to Data Science","Vai trò chính của Kỹ sư dữ liệu (Data Engineer) trong tổ chức là gì?","Thiết kế, xây dựng và vận hành hạ tầng lưu trữ và xử lý dữ liệu","Vẽ biểu đồ và viết báo cáo cho lãnh đạo","Huấn luyện mô hình học sâu cho thị giác máy tính","Quản lý đội ngũ marketing và bán hàng","A","1"
"Lec2 - Python Programming","Kết quả của đoạn code sau là gì? Code: `print(5 + 3 * 2)`","11","16","13","10","A","1"
"Lec2 - Python Programming","Kết quả của phép toán `10 // 3` là gì?","1","3.33","4","3","D","1"
"Lec2 - Python Programming","Kết quả của phép toán `10 % 3` là gì?","0","3","1","10","C","1"
"Lec2 - Python Programming","Kết quả của phép toán `2 ** 4` là gì?","6","16","8","24","B","1"
"Lec2 - Python Programming","Sau đoạn code dưới đây, biến `x` có kiểu dữ liệu gì? Code: `x = 3.14`","`float`","`int`","`str`","`bool`","A","1"
"Lec2 - Python Programming","Kết quả của đoạn code sau là gì? Code: `print(int(""7"") + 3)`","`""73""`","`73`","Lỗi","`10`","D","1"
"Lec2 - Python Programming","Kết quả của đoạn code sau là gì? Code: `print(""hello"".upper())`","`'hello'`","`'Hello'`","`'HELLO'`","Lỗi","C","1"
"Lec2 - Python Programming","Kết quả của đoạn code sau là gì? Code: `name = ""An"" ; print(f""Xin chào {name}"")`","`Xin chào {name}`","`Xin chào An`","`Xin chào ""An""`","Lỗi","B","1"
"Lec2 - Python Programming","Kết quả của `len(""Python"")` là gì?","6","5","7","Lỗi","A","1"
"Lec2 - Python Programming","Kết quả của đoạn code sau là gì? Code: `print([1, 2, 3] + [4, 5])`","`[5, 7, 8]`","`[[1, 2, 3], [4, 5]]`","Lỗi","`[1, 2, 3, 4, 5]`","D","1"
"Lec2 - Python Programming","Kết quả của đoạn code sau là gì? Code: `nums = [10, 20, 30, 40] ; print(nums[1])`","10","30","20","40","C","1"
"Lec2 - Python Programming","Kết quả của đoạn code sau là gì? Code: `s = ""datascience"" ; print(s[0:4])`","`'datas'`","`'data'`","`'ascience'`","`'science'`","B","1"
"Lec2 - Python Programming","Kết quả của đoạn code sau là gì? Code: `print({1, 2, 2, 3, 3, 3})`","`{1, 2, 3}`","`[1, 2, 3]`","`{1, 2, 2, 3, 3, 3}`","Lỗi","A","1"
"Lec2 - Python Programming","Tuple trong Python là bất biến (immutable). Đoạn code sau sẽ xảy ra điều gì? Code: `t = (1, 2, 3) ; t[0] = 10`","`t` trở thành `(10, 2, 3)`","`t` trở thành `[10, 2, 3]`","Báo lỗi (`TypeError`) vì không thể gán giá trị cho phần tử của tuple","Không có gì xảy ra","C","1"
"Lec2 - Python Programming","Kết quả của đoạn code sau là gì? Code: `d = {""a"": 1, ""b"": 2, ""c"": 3} ; print(d[""b""])`","1","2","3","`'b'`","B","1"
"Lec2 - Python Programming","Kết quả của đoạn code sau là gì? Code: `x = 7 ; print(""Chẵn"" if x % 2 == 0 else ""Lẻ"")`","`Chẵn`","`True`","Lỗi","`Lẻ`","D","1"
"Lec2 - Python Programming","Kết quả của đoạn code sau là gì? Code: `total = 0 ; for i in range(1, 4): ; total += i ; print(total)`","6","3","10","4","A","1"
"Lec2 - Python Programming","Kết quả của đoạn code sau là gì? Code: `print([x * 2 for x in [1, 2, 3]])`","`[1, 2, 3]`","`[1, 4, 9]`","`[3, 6, 9]`","`[2, 4, 6]`","D","1"
"Lec2 - Python Programming","Kết quả của đoạn code sau là gì? Code: `def add(a, b=10): ; return a + b ; print(add(5))`","5","10","15","Lỗi (thiếu tham số `b`)","C","1"
"Lec2 - Python Programming","Kết quả của đoạn code sau là gì? Code: `square = lambda x: x * x ; print(square(6))`","12","36","6","Lỗi","B","1"
"Lec3 - NumPy & Pandas","NumPy là viết tắt của từ gì?","Numerical Python","Number Python","Native Python","New Python","A","1"
"Lec3 - NumPy & Pandas","Trong NumPy, đối tượng nào được dùng để lưu trữ mảng đa chiều?","`list`","`array`","`matrix`","`ndarray`","D","1"
"Lec3 - NumPy & Pandas","Kết quả của đoạn code sau là gì? Code: `arr = np.array([1, 2, 3]) ; print(arr.shape)`","`(1, 3)`","`3`","`(3,)`","`[3]`","C","1"
"Lec3 - NumPy & Pandas","Kết quả của `np.zeros((2, 3))` là gì?","Mảng 2x3 chứa toàn số 1","Mảng 2x3 chứa toàn số 0","Mảng 3x2 chứa toàn số 0","Lỗi","B","1"
"Lec3 - NumPy & Pandas","Kết quả của `np.arange(5)` là gì?","`[0 1 2 3 4]`","`[1 2 3 4 5]`","`[0 1 2 3 4 5]`","`[5]`","A","1"
"Lec3 - NumPy & Pandas","Kết quả của đoạn code sau là gì? Code: `arr = np.array([1, 2, 3]) ; print(arr * 2)`","`[1 2 3 1 2 3]`","`[2 2 2]`","Lỗi","`[2 4 6]`","D","1"
"Lec3 - NumPy & Pandas","Kết quả của đoạn code sau là gì? Code: `print(np.array([[1, 2], [3, 4]]).shape)`","`(4,)`","`[2, 2]`","`(2, 2)`","`(1, 4)`","C","1"
"Lec3 - NumPy & Pandas","Kết quả của đoạn code sau là gì? Code: `arr = np.array([1, 2, 3, 4, 5]) ; print(arr[1:4])`","`[1 2 3]`","`[2 3 4]`","`[2 3 4 5]`","`[1 2 3 4]`","B","1"
"Lec3 - NumPy & Pandas","Kết quả của đoạn code sau là gì? Code: `arr = np.array([10, 20, 30, 40, 50]) ; print(arr[arr &gt; 25])`","`[30 40 50]`","`[10 20]`","`[True True True]`","`[20 30]`","A","1"
"Lec3 - NumPy & Pandas","Kết quả của đoạn code sau là gì? Code: `arr = np.array([1, 2, 3, 4]) ; print(arr.sum())`","4","`[1 2 3 4]`","24","10","D","1"
"Lec3 - NumPy & Pandas","Bạn muốn đổi shape của mảng `arr` từ `(10,)` thành `(2, 5)`. Code nào phù hợp nhất?","`arr.resize_array(2, 5)`","`np.shape(arr, (2, 5))`","`arr.reshape(2, 5)`","`arr.transpose(2, 5)`","C","1"
"Lec3 - NumPy & Pandas","Trong Pandas, đối tượng nào được sử dụng để lưu trữ dữ liệu một chiều có nhãn?","`DataFrame`","`Series`","`Array`","`List`","B","1"
"Lec3 - NumPy & Pandas","Kết quả của đoạn code sau là gì? Code: `s = pd.Series([10, 20, 30]) ; print(s[1])`","20","10","30","Lỗi","A","1"
"Lec3 - NumPy & Pandas","Trong Pandas, một `DataFrame` có mấy chiều?","1","4","2","3","C","1"
"Lec3 - NumPy & Pandas","Kết quả của đoạn code sau là gì? Code: `df = pd.DataFrame({'A': [1, 2, 3], 'B': [4, 5, 6]}) ; print(df.shape)`","`(2, 3)`","`(3, 2)`","`(6,)`","`[3, 2]`","B","1"
"Lec3 - NumPy & Pandas","Kết quả của đoạn code sau là gì? Code: `df = pd.DataFrame({'A': [1, 2, 3], 'B': [4, 5, 6]}) ; print(type(df['A']))`","`&lt;class 'list'&gt;`","`&lt;class 'numpy.ndarray'&gt;`","`&lt;class 'pandas.core.frame.DataFrame'&gt;`","`&lt;class 'pandas.core.series.Series'&gt;`","D","1"
"Lec3 - NumPy & Pandas","Bạn muốn lấy giá trị tại hàng có index = 0 và cột tên 'A' trong `df`. Code nào phù hợp nhất?","`df.loc[0, 'A']`","`df['A', 0]`","`df.row(0).col('A')`","`df(0, 'A')`","A","1"
"Lec3 - NumPy & Pandas","Hàm `df.head(2)` trả về cái gì?","2 cột đầu tiên của DataFrame","2 hàng cuối cùng của DataFrame","Tổng của 2 hàng đầu tiên","2 hàng đầu tiên của DataFrame","D","1"
"Lec3 - NumPy & Pandas","Kết quả của đoạn code sau là gì? Code: `df = pd.DataFrame({'A': [1, 2, 3], 'B': [4, 5, 6]}) ; print(list(df.columns))`","`[1, 2, 3]`","`[4, 5, 6]`","`['A', 'B']`","`[0, 1, 2]`","C","1"
"Lec3 - NumPy & Pandas","Kết quả của đoạn code sau là gì? Code: `s1 = pd.Series([1, 2, 3]) ; s2 = pd.Series([10, 20, 30]) ; print((s1 + s2).tolist())`","`[1, 2, 3, 10, 20, 30]`","`[11, 22, 33]`","`[10, 40, 90]`","Lỗi","B","1"
"Lec4 - Data Input & Storage","Hàm nào trong Pandas được dùng để đọc file CSV?","`pd.read_csv`","`pd.read_excel`","`pd.read_json`","`pd.open_csv`","A","1"
"Lec4 - Data Input & Storage","Hàm `pd.read_csv()` mặc định coi dòng đầu tiên của file là gì?","Dữ liệu","Index","Chân trang","Header (tên cột)","D","1"
"Lec4 - Data Input & Storage","Khi đọc một file CSV không có header, bạn cần truyền tham số nào?","`skip_header=True`","`no_header=True`","`header=None`","`header=False`","C","1"
"Lec4 - Data Input & Storage","Bạn muốn đọc file CSV và dùng cột `'ID'` làm index của DataFrame. Code nào phù hợp nhất?","`pd.read_csv('file.csv', index='ID')`","`pd.read_csv('file.csv', index_col='ID')`","`pd.read_csv('file.csv').set_index('id')`","`pd.read_csv('file.csv', use_index='ID')`","B","1"
"Lec4 - Data Input & Storage","Bạn muốn lưu DataFrame `df` ra file `output.csv`. Code nào phù hợp nhất?","`df.to_csv('output.csv')`","`df.write_csv('output.csv')`","`pd.save_csv(df, 'output.csv')`","`csv.write(df, 'output.csv')`","A","1"
"Lec4 - Data Input & Storage","Bạn muốn lưu DataFrame ra CSV nhưng KHÔNG ghi cột index. Code nào phù hợp nhất?","`df.to_csv('output.csv', no_index=True)`","`df.to_csv('output.csv', drop_index=True)`","`df.to_csv('output.csv', header=False)`","`df.to_csv('output.csv', index=False)`","D","1"
"Lec4 - Data Input & Storage","File CSV được phân tách bằng dấu tab (`\t`). Tham số nào của `pd.read_csv` cần được truyền?","`delimiter=' '`","`separator='tab'`","`sep='\t'`","`tab=True`","C","1"
"Lec4 - Data Input & Storage","Bạn muốn đọc 1 file Excel `.xlsx`. Hàm Pandas phù hợp là gì?","`pd.read_csv`","`pd.read_excel`","`pd.read_table`","`pd.open_xlsx`","B","1"
"Lec4 - Data Input & Storage","Hàm Pandas nào được dùng để đọc dữ liệu từ file JSON?","`pd.read_json`","`pd.read_javascript`","`pd.json`","`pd.load_json`","A","1"
"Lec4 - Data Input & Storage","Bạn có một chuỗi JSON trong biến `text`. Hàm nào của thư viện chuẩn `json` chuyển nó thành dict/list của Python?","`json.dump(text)`","`json.read(text)`","`json.parse(text)`","`json.loads(text)`","D","1"
"Lec4 - Data Input & Storage","Hàm `pd.read_html(url)` thường được dùng để làm gì?","Tải toàn bộ mã HTML của trang web về dạng chuỗi","Đăng nhập vào trang web bằng HTTP","Đọc các bảng (`&lt;table&gt;`) từ trang web và trả về một danh sách DataFrame","Gửi yêu cầu POST tới một API","C","1"
"Lec4 - Data Input & Storage","Thư viện Python nào phổ biến nhất để gửi yêu cầu HTTP tới Web API?","`numpy`","`requests`","`pandas`","`matplotlib`","B","1"
"Lec4 - Data Input & Storage","Đoạn code nào dùng để gửi yêu cầu GET tới một URL?","`requests.get(url)`","`requests.send(url)`","`requests.fetch(url)`","`http.get(url)`","A","1"
"Lec4 - Data Input & Storage","Khi đã có biến `r = requests.get(url)` và API trả về dữ liệu JSON, lệnh nào trả về dict/list của Python?","`r.text`","`r.parse_json()`","`r.json()`","`json.from_response(r)`","C","1"
"Lec4 - Data Input & Storage","Kết quả của đoạn code sau là gì? Code: `import json ; text = '{""name"": ""An"", ""age"": 20}' ; data = json.loads(text) ; print(data[""name""])`","`""An""`","`An`","`{""name"": ""An""}`","Lỗi","B","1"
"Lec4 - Data Input & Storage","Khi đọc file CSV, bạn muốn bỏ qua 2 dòng đầu. Tham số nào phù hợp?","`skip=2`","`ignore_rows=2`","`start_row=2`","`skiprows=2`","D","1"
"Lec4 - Data Input & Storage","Module chuẩn (built-in) nào của Python dùng để làm việc với cơ sở dữ liệu SQLite?","`sqlite3`","`mysql`","`sqlalchemy`","`psycopg2`","A","1"
"Lec4 - Data Input & Storage","Hàm Pandas nào dùng để đọc dữ liệu từ một câu lệnh SQL?","`pd.query_sql`","`pd.from_sql`","`pd.sql_read`","`pd.read_sql`","D","1"
"Lec4 - Data Input & Storage","Bạn muốn ghi DataFrame `df` vào một bảng tên `customers` trong cơ sở dữ liệu thông qua connection `conn`. Code nào phù hợp nhất?","`df.write_sql('customers', conn)`","`pd.save_sql(df, conn, 'customers')`","`df.to_sql('customers', conn, index=False)`","`conn.write(df, 'customers')`","C","1"
"Lec4 - Data Input & Storage","Đoạn code dưới đây có hoạt động được không (giả sử URL hợp lệ)? Code: `df = pd.read_csv(""https://example.com/data.csv"")`","Không — `pd.read_csv` chỉ đọc được file trên ổ đĩa","Có — `pd.read_csv` chấp nhận trực tiếp URL HTTP/HTTPS","Không — phải dùng `pd.read_html` cho URL","Không — phải tải file về trước rồi mới đọc","B","1"
"Lec5 - Data Cleaning & Preparation","Hàm nào trong Pandas dùng để phát hiện giá trị thiếu (NaN) trong DataFrame?","`isna()`","`dropna()`","`fillna()`","`replace()`","A","1"
"Lec5 - Data Cleaning & Preparation","Hàm nào dùng để loại bỏ các hàng có giá trị NaN?","`fillna()`","`dropna()`","`isna()`","`remove_na()`","B","1"
"Lec5 - Data Cleaning & Preparation","Hàm nào dùng để thay thế (điền) giá trị thiếu trong Pandas?","`dropna()`","`isna()`","`fillna()`","`notna()`","C","1"
"Lec5 - Data Cleaning & Preparation","Tham số `fillna(method='ffill')` có ý nghĩa gì?","Backward fill — điền bằng giá trị liền sau","Điền bằng giá trị trung bình","Điền bằng số 0","Forward fill — điền bằng giá trị liền trước","D","1"
"Lec5 - Data Cleaning & Preparation","Bạn muốn đếm số lượng NaN trong mỗi cột của `df`. Code nào phù hợp nhất?","`df.isna().sum()`","`df.count_na()`","`df.missing()`","`df.na()`","A","1"
"Lec5 - Data Cleaning & Preparation","Kết quả của đoạn code sau là gì? Code: `df = pd.DataFrame({'A': [1, None, 3], 'B': [None, 5, 6]}) ; print(len(df.dropna()))`","0","1","2","3","B","1"
"Lec5 - Data Cleaning & Preparation","Hàm nào dùng để phát hiện hàng trùng lặp trong DataFrame?","`unique()`","`nunique()`","`duplicated()`","`is_duplicate()`","C","1"
"Lec5 - Data Cleaning & Preparation","Bạn muốn xóa các hàng trùng lặp hoàn toàn trong `df`. Code nào phù hợp nhất?","`df.unique()`","`df.deduplicate()`","`df.remove_duplicates()`","`df.drop_duplicates()`","D","1"
"Lec5 - Data Cleaning & Preparation","MinMaxScaler chuẩn hóa dữ liệu về khoảng nào?","`[0, 1]`","`[-1, 1]`","`(0, 1)`","`(-∞, ∞)`","A","1"
"Lec5 - Data Cleaning & Preparation","StandardScaler chuẩn hóa dữ liệu về `mean = 0` và `std` bằng bao nhiêu?","0","1","0.5","2","B","1"
"Lec5 - Data Cleaning & Preparation","Bạn muốn chuẩn hóa cột `'A'` về khoảng `[0, 1]`. Code nào phù hợp nhất?","`df['A'].normalize()`","`pd.normalize(df['A'])`","`from sklearn.preprocessing import MinMaxScaler; MinMaxScaler().fit_transform(df[['A']])`","`df['A'].min_max()`","C","1"
"Lec5 - Data Cleaning & Preparation","Kết quả của đoạn code sau là gì? Code: `s = pd.Series(['hello', 'world']) ; print(s.str.upper().tolist())`","`['Hello', 'World']`","`['hello', 'world']`","Lỗi","`['HELLO', 'WORLD']`","D","1"
"Lec5 - Data Cleaning & Preparation","Hàm Pandas nào dùng để kiểm tra một chuỗi có chứa ký tự / từ khóa nhất định?","`str.contains()`","`str.find_all()`","`str.match_word()`","`str.has()`","A","1"
"Lec5 - Data Cleaning & Preparation","`LabelEncoder` (trong `sklearn`) thường được dùng để làm gì?","Chuẩn hóa dữ liệu số về khoảng `[0, 1]`","Mã hóa biến phân loại thành số nguyên (0, 1, 2, ...)","Xử lý dữ liệu thiếu","Tách chuỗi ký tự","B","1"
"Lec5 - Data Cleaning & Preparation","Một biến phân loại có 4 giá trị duy nhất. `pd.get_dummies()` (One-Hot Encoding) sẽ tạo ra bao nhiêu cột mới?","1","2","4","3","C","1"
"Lec6 - Data Wrangling (Sort/Merge/Reshape)","Bạn muốn tạo MultiIndex (chỉ số phân cấp) trên DataFrame `df` từ hai cột `'Store'` và `'Dept'`. Code nào phù hợp nhất?","`df.set_index(['Store', 'Dept'])`","`df.multi_index('Store', 'Dept')`","`df.index = ['Store', 'Dept']`","`pd.MultiIndex(df, ['Store', 'Dept'])`","A","1"
"Lec6 - Data Wrangling (Sort/Merge/Reshape)","Hàm Pandas nào được dùng để gộp (merge) hai DataFrame theo một cột chung?","`pd.union`","`pd.merge`","`pd.combine`","`pd.add`","B","1"
"Lec6 - Data Wrangling (Sort/Merge/Reshape)","Bạn muốn merge `df1` và `df2` theo cột `'id'` và giữ lại tất cả các hàng của `df1` (kể cả khi không khớp). Code nào phù hợp nhất?","`pd.merge(df1, df2, on='id', how='right')`","`pd.merge(df1, df2, on='id', how='inner')`","`pd.merge(df1, df2, on='id', how='left')`","`pd.merge(df1, df2, on='id', how='outer')`","C","1"
"Lec6 - Data Wrangling (Sort/Merge/Reshape)","Mặc định, `pd.merge(df1, df2, on='id')` thực hiện kiểu join nào?","`left`","`right`","`outer`","`inner`","D","1"
"Lec6 - Data Wrangling (Sort/Merge/Reshape)","Bạn muốn nối hai DataFrame theo chiều dọc (xếp `df2` xuống dưới `df1`). Code nào phù hợp nhất?","`pd.concat([df1, df2], axis=0)`","`pd.concat([df1, df2], axis=1)`","`pd.merge(df1, df2)`","`df1.add(df2)`","A","1"
"Lec6 - Data Wrangling (Sort/Merge/Reshape)","Bạn muốn nối hai DataFrame theo chiều ngang (ghép cột của `df2` vào bên phải `df1`). Code nào phù hợp nhất?","`pd.concat([df1, df2], axis=0)`","`pd.concat([df1, df2], axis=1)`","`df1.append(df2)`","`pd.merge(df1, df2)`","B","1"
"Lec6 - Data Wrangling (Sort/Merge/Reshape)","Hàm nào dùng để unpivot một DataFrame từ dạng wide sang dạng long (sinh ra một cột `variable` chứa tên cột cũ và một cột `value` chứa giá trị)?","`df.pivot()`","`df.to_long()`","`df.melt()`","`df.transpose()`","C","1"
"Lec6 - Data Wrangling (Sort/Merge/Reshape)","Hàm `pivot_table` thường được dùng để làm gì?","Đọc file Excel","Vẽ biểu đồ tương tác","Sắp xếp dữ liệu theo cột","Tạo bảng tổng hợp (aggregation) theo nhiều chiều, ví dụ trung bình doanh thu theo Store × Dept","D","1"
"Lec6 - Data Wrangling (Sort/Merge/Reshape)","Bạn muốn sắp xếp `df` theo cột `'Sales'` giảm dần. Code nào phù hợp nhất?","`df.sort_values('Sales', ascending=False)`","`df.sort('Sales', desc=True)`","`df.order_by('Sales')`","`df.sort_index('Sales')`","A","1"
"Lec6 - Data Wrangling (Sort/Merge/Reshape)","Bạn muốn sắp xếp DataFrame theo index. Code nào phù hợp nhất?","`df.sort_by_index()`","`df.sort_index()`","`df.reindex_sort()`","`df.order_index()`","B","1"
"Lec6 - Data Wrangling (Sort/Merge/Reshape)","Bạn muốn nhóm theo cột `'category'` và tính tổng của cột `'value'`. Code nào phù hợp nhất?","`df.group('category').sum()`","`df.aggregate('category', 'sum')`","`df.groupby('category')['value'].sum()`","`pd.groupby_sum(df, 'category', 'value')`","C","1"
"Lec6 - Data Wrangling (Sort/Merge/Reshape)","Sau khi `groupby`, bạn có thể tính nhiều thống kê cùng lúc bằng hàm nào?","`multi()`","`summary()`","`stats()`","`agg()`","D","1"
"Lec6 - Data Wrangling (Sort/Merge/Reshape)","Bạn muốn áp dụng một hàm lên từng hàng của DataFrame `df`. Code nào phù hợp nhất?","`df.apply(func, axis=1)`","`df.apply(func, axis=0)`","`df.map(func)`","`df.foreach(func)`","A","1"
"Lec6 - Data Wrangling (Sort/Merge/Reshape)","Kết quả của đoạn code sau là gì? Code: `s = pd.Series(['a', 'b', 'a', 'c']) ; print(s.map({'a': 1, 'b': 2, 'c': 3}).tolist())`","`['a', 'b', 'a', 'c']`","`[1, 2, 1, 3]`","`[1, 2, 3]`","Lỗi","B","1"
"Lec6 - Data Wrangling (Sort/Merge/Reshape)","Cặp hàm `stack()` và `unstack()` trong Pandas dùng để làm gì?","Sắp xếp lại các giá trị theo thứ tự tăng dần","Lưu/đọc DataFrame ra file","Chuyển đổi giữa wide ↔ long bằng cách di chuyển level từ cột sang index và ngược lại","Vẽ biểu đồ chồng (stacked chart)","C","1"
"Lec7 - Data Visualization","Cú pháp chuẩn để import thư viện `matplotlib.pyplot` là gì?","`import matplotlib.pyplot as plt`","`import matplotlib`","`import pyplot as plt`","`from matplotlib import *`","A","1"
"Lec7 - Data Visualization","Cú pháp chuẩn để import thư viện `seaborn` là gì?","`import seaborn as sb`","`import seaborn as sns`","`from seaborn import *`","`import sns`","B","1"
"Lec7 - Data Visualization","Bạn muốn vẽ biểu đồ đường (line plot) từ hai mảng `x` và `y`. Code nào phù hợp nhất?","`plt.line(x, y)`","`plt.draw_line(x, y)`","`plt.plot(x, y)`","`plt.lineplot(x, y)`","C","1"
"Lec7 - Data Visualization","Bạn muốn vẽ biểu đồ cột (bar chart). Code nào phù hợp nhất?","`plt.column(x, y)`","`plt.histogram(x, y)`","`plt.draw_bar(x, y)`","`plt.bar(x, y)`","D","1"
"Lec7 - Data Visualization","Bạn muốn vẽ histogram (biểu đồ tần suất) cho mảng `data`. Code nào phù hợp nhất?","`plt.hist(data)`","`plt.histogram(data)`","`plt.bar(data)`","`plt.distribution(data)`","A","1"
"Lec7 - Data Visualization","Bạn muốn vẽ biểu đồ phân tán (scatter plot) giữa hai biến `x` và `y`. Code nào phù hợp nhất?","`plt.dot(x, y)`","`plt.scatter(x, y)`","`plt.points(x, y)`","`plt.plot_scatter(x, y)`","B","1"
"Lec7 - Data Visualization","Bạn muốn đặt tiêu đề cho biểu đồ là `""Doanh thu theo tháng""`. Code nào phù hợp nhất?","`plt.set_title(""Doanh thu theo tháng"")`","`plt.label(""Doanh thu theo tháng"")`","`plt.title(""Doanh thu theo tháng"")`","`plt.name(""Doanh thu theo tháng"")`","C","1"
"Lec7 - Data Visualization","Bạn muốn đặt nhãn trục x là `""Tháng""`. Code nào phù hợp nhất?","`plt.label_x(""Tháng"")`","`plt.x(""Tháng"")`","`plt.axis_x(""Tháng"")`","`plt.xlabel(""Tháng"")`","D","1"
"Lec7 - Data Visualization","Bạn muốn hiển thị chú thích (legend) trên biểu đồ matplotlib. Code nào phù hợp nhất?","`plt.legend()`","`plt.show_legend()`","`plt.note()`","`plt.caption()`","A","1"
"Lec7 - Data Visualization","Bạn muốn lưu biểu đồ hiện tại ra file `chart.png`. Code nào phù hợp nhất?","`plt.save(""chart.png"")`","`plt.savefig(""chart.png"")`","`plt.export(""chart.png"")`","`plt.write_png(""chart.png"")`","B","1"
"Lec7 - Data Visualization","Bạn muốn tạo lưới subplot gồm 2 hàng × 2 cột. Code nào phù hợp nhất?","`plt.subplot_grid(2, 2)`","`plt.figure(2, 2)`","`fig, axes = plt.subplots(2, 2)`","`plt.create_axes(2, 2)`","C","1"
"Lec7 - Data Visualization","Sau khi đã chuẩn bị biểu đồ trong matplotlib, lệnh nào dùng để hiển thị nó (đặc biệt khi chạy script `.py`)?","`plt.display()`","`plt.render()`","`plt.print()`","`plt.show()`","D","1"
"Lec7 - Data Visualization","Bạn có DataFrame `df` với cột `'A'`. Cách nhanh nhất để vẽ histogram cho cột `'A'` bằng pandas là gì?","`df['A'].hist()`","`df.histogram('A')`","`pd.hist(df['A'])`","`df.bar('A')`","A","1"
"Lec7 - Data Visualization","Bạn muốn dùng seaborn để vẽ biểu đồ phân tán có thêm đường hồi quy giữa `x` và `y` từ DataFrame `df`. Code nào phù hợp nhất?","`sns.scatter(x, y)`","`sns.regplot(x='x', y='y', data=df)`","`sns.linear_plot(df, 'x', 'y')`","`plt.regplot(df['x'], df['y'])`","B","1"
"Lec7 - Data Visualization","Bạn muốn dùng seaborn để vẽ boxplot so sánh phân phối `'value'` theo từng nhóm trong cột `'category'`. Code nào phù hợp nhất?","`sns.box(df, 'category', 'value')`","`plt.box(df['category'], df['value'])`","`sns.boxplot(x='category', y='value', data=df)`","`df.boxplot('value', 'category')`","C","1"
"Lec8 - Supervised Machine Learning","Học có giám sát (Supervised Learning) là gì?","Học từ dữ liệu không có nhãn để khám phá cấu trúc tiềm ẩn","Học bằng cách tương tác với môi trường để tối ưu phần thưởng","Học từ dữ liệu có nhãn (kèm câu trả lời đúng) để dự đoán cho dữ liệu mới","Lập trình các quy tắc `if-else` cứng nhắc cho từng trường hợp","C","1"
"Lec8 - Supervised Machine Learning","Một công ty muốn dự đoán giá nhà (đơn vị: triệu đồng/m²). Đây là bài toán thuộc loại nào?","Hồi quy (Regression) — vì đầu ra là một con số liên tục","Phân loại (Classification) — vì đầu ra là một nhãn rời rạc","Phân cụm (Clustering) — vì không có nhãn","Học tăng cường (Reinforcement Learning) — vì có phần thưởng","A","1"
"Lec8 - Supervised Machine Learning","Overfitting (quá khớp) trong Học máy là hiện tượng gì?","Mô hình quá đơn giản, không nắm được pattern trong dữ liệu","Mô hình chạy quá chậm trên tập huấn luyện","Mô hình không có tham số","Mô hình học quá kỹ (kể cả nhiễu) trên tập huấn luyện → hoạt động kém trên dữ liệu mới","D","1"
"Lec8 - Supervised Machine Learning","Mô hình Random Forest (Rừng ngẫu nhiên) hoạt động dựa trên ý tưởng nào?","Là một cây quyết định duy nhất với độ sâu rất lớn","Kết hợp nhiều cây quyết định được huấn luyện độc lập, rồi lấy trung bình (hồi quy) hoặc đa số phiếu (phân loại)","Là mô hình hồi quy tuyến tính nâng cao","Là mạng nơ-ron sâu có nhiều tầng ẩn","B","1"
"Lec8 - Supervised Machine Learning","Trong bài toán phân loại, Accuracy (độ chính xác) được hiểu là gì?","Tỷ lệ False Positive trên tổng số dự đoán","Tỷ lệ dự đoán đúng trên tổng số mẫu","Sai số trung bình giữa giá trị dự đoán và giá trị thực tế","Diện tích dưới đường ROC","B","1"
